<?xml version="1.0" encoding="utf-8"?>
<root layself="col:f;spacerow:0">

    <toolbar name="header" layself="flow;row:22">
        <button name="ym" tooltip="На год назад" title="«"
                class="jandcode.ui.std.CtCalendar.ControlNavButton"
                opaque="false" _flat="true"
                prefsize="18,18" focusable="false" lay="c,c" usepopup="true"
                />
        <button name="mm" tooltip="На месяц назад" title="‹"
                class="jandcode.ui.std.CtCalendar.ControlNavButton"
                opaque="false" _flat="true"
                prefsize="18,18" focusable="false" lay="c,c" usepopup="true"
                />
        <panel layself="flow" lay="c,c" layowner="col:f" opaque="false">
            <label lay="g"/>
            <label name="month.label" title="xxxxxxxxx"
                   class="jandcode.ui.std.CtCalendar.ControlYMLabel"/>
            <label name="year.label" title="0000"
                   class="jandcode.ui.std.CtCalendar.ControlYMLabel"/>
            <label lay="g"/>
        </panel>
        <button name="mp" tooltip="На месяц вперед" title="›"
                class="jandcode.ui.std.CtCalendar.ControlNavButton"
                opaque="false" _flat="true"
                prefsize="18,18" focusable="false" lay="c,c" usepopup="true"
                />
        <button name="yp" tooltip="На год вперед" title="»"
                class="jandcode.ui.std.CtCalendar.ControlNavButton"
                opaque="false" _flat="true"
                prefsize="18,18" focusable="false" lay="c,c" usepopup="true"
                />
    </toolbar>

    <panel name="month.panel" layself="col:f;row:f;rowspace:0"
           layowner="row:f"
           border="4,4,4,4">
        <monthtable name="month" showbottomline="true"/>
    </panel>

    <panel name="footer" layself="col:f" border="0,0,4,0">
        <button name="today" title="Сегодня: 99.99.99999" _border=""
                _flat="true" _opaque="false" prefsize="0,26" focusable="false"
                lay="c,c"/>
    </panel>

</root>