<?xml version="1.0" encoding="utf-8"?>
<root>
    <i>
        <s>builder не может выявить связанный домен</s>
    </i>
    <i>
        <s>daomethod не назначен</s>
    </i>
    <i>
        <s>daoname не назначен</s>
    </i>
    <i>
        <s>onCreateFrame должен возвращать frame</s>
    </i>
    <i>
        <s>onCreateFrame не переопределен, введите значение:</s>
    </i>
    <i>
        <s>params не присвоены</s>
    </i>
    <i>
        <s>В sql нет from</s>
    </i>
    <i>
        <s>В sql нет select</s>
    </i>
    <i>
        <s>В sql нет where</s>
    </i>
    <i>
        <s>В домене {0} нет узла dictdata</s>
    </i>
    <i>
        <s>В объекте {0}/{1} не определен jsclass</s>
    </i>
    <i>
        <s>Вы хотите удалить запись?</s>
    </i>
    <i>
        <s>Да</s>
    </i>
    <i>
        <s>Для json-типа [{0}] неуказан java-тип по умолчанию</s>
    </i>
    <i>
        <s>Для resolve словаря операция getData неподдерживается</s>
    </i>
    <i>
        <s>Для домена не определен объект {0}</s>
    </i>
    <i>
        <s>Для домена не определен объект {0}/{1}</s>
    </i>
    <i>
        <s>Для фрейма не назначен домен</s>
    </i>
    <i>
        <s>Добавить</s>
    </i>
    <i>
        <s>Домен не является словарем: {0}</s>
    </i>
    <i>
        <s>Домен является resolve-словарем: {0}</s>
    </i>
    <i>
        <s>Загружен: {0}</s>
    </i>
    <i>
        <s>Загрузка файла</s>
    </i>
    <i>
        <s>Загрузка...</s>
    </i>
    <i>
        <s>Закрыть</s>
    </i>
    <i>
        <s>Закрыть все</s>
    </i>
    <i>
        <s>Закрыть все, кроме этого</s>
    </i>
    <i>
        <s>Запись #{0} не найдена</s>
    </i>
    <i>
        <s>Изменить</s>
    </i>
    <i>
        <s>Имеется файл с данными {0}, но нет домена {1}</s>
    </i>
    <i>
        <s>Краткое наименование</s>
    </i>
    <i>
        <s>Назад</s>
    </i>
    <i>
        <s>Наименование</s>
    </i>
    <i>
        <s>Не известный json-тип [{0}]</s>
    </i>
    <i>
        <s>Не найден конвертор в json для класса [{0}]</s>
    </i>
    <i>
        <s>Не найден конвертор из json для класса [{0}]</s>
    </i>
    <i>
        <s>Не найден конвертор из json-типа [{1}] для класса [{0}]</s>
    </i>
    <i>
        <s>Не найдена часть sql: {0}</s>
    </i>
    <i>
        <s>Нет</s>
    </i>
    <i>
        <s>Нет заголовка</s>
    </i>
    <i>
        <s>Новая запись</s>
    </i>
    <i>
        <s>Ок</s>
    </i>
    <i>
        <s>Отмена</s>
    </i>
    <i>
        <s>Ошибка</s>
    </i>
    <i>
        <s>Ошибка при создании экземпляра класса: {0}</s>
    </i>
    <i>
        <s>Панель управления</s>
    </i>
    <i>
        <s>Печать</s>
    </i>
    <i>
        <s>По данным datatree нельзя создать store, можно только загрузить в существующий</s>
    </i>
    <i>
        <s>Повторное объявление модуля: {0}</s>
    </i>
    <i>
        <s>Подождите...</s>
    </i>
    <i>
        <s>Подтверждение</s>
    </i>
    <i>
        <s>Просмотр</s>
    </i>
    <i>
        <s>Редактирование записи</s>
    </i>
    <i>
        <s>Свойство domen должно быть доменом или именем домена</s>
    </i>
    <i>
        <s>Сообщение</s>
    </i>
    <i>
        <s>Тип 1</s>
    </i>
    <i>
        <s>Тип mem 1</s>
    </i>
    <i>
        <s>Тип фильтра {0} не найден</s>
    </i>
    <i>
        <s>Удаление записи</s>
    </i>
    <i>
        <s>Удалить</s>
    </i>
    <i>
        <s>Файл1</s>
    </i>
    <i>
        <s>Файл2</s>
    </i>
</root>