<?xml version="1.0" encoding="utf-8"?>
<root>
    <i translated="false">
        <s>builder не может выявить связанный домен</s>
        <t></t>
    </i>
    <i translated="false">
        <s>daomethod не назначен</s>
        <t></t>
    </i>
    <i translated="false">
        <s>daoname не назначен</s>
        <t></t>
    </i>
    <i translated="false">
        <s>onCreateFrame должен возвращать frame</s>
        <t></t>
    </i>
    <i translated="false">
        <s>onCreateFrame не переопределен, введите значение:</s>
        <t></t>
    </i>
    <i translated="false">
        <s>params не присвоены</s>
        <t></t>
    </i>
    <i translated="false">
        <s>В sql нет from</s>
        <t></t>
    </i>
    <i translated="false">
        <s>В sql нет select</s>
        <t></t>
    </i>
    <i translated="false">
        <s>В sql нет where</s>
        <t></t>
    </i>
    <i translated="false">
        <s>В домене {0} нет узла dictdata</s>
        <t></t>
    </i>
    <i translated="false">
        <s>В объекте {0}/{1} не определен jsclass</s>
        <t></t>
    </i>
    <i>
        <s>Вы хотите удалить запись?</s>
        <t>Do you want to delete a record?</t>
    </i>
    <i>
        <s>Да</s>
        <t>Yes</t>
    </i>
    <i translated="false">
        <s>Для json-типа [{0}] неуказан java-тип по умолчанию</s>
        <t></t>
    </i>
    <i translated="false">
        <s>Для resolve словаря операция getData неподдерживается</s>
        <t></t>
    </i>
    <i translated="false">
        <s>Для домена не определен объект {0}</s>
        <t></t>
    </i>
    <i translated="false">
        <s>Для домена не определен объект {0}/{1}</s>
        <t></t>
    </i>
    <i translated="false">
        <s>Для фрейма не назначен домен</s>
        <t></t>
    </i>
    <i>
        <s>Добавить</s>
        <t>Insert</t>
    </i>
    <i translated="false">
        <s>Домен не является словарем: {0}</s>
        <t></t>
    </i>
    <i translated="false">
        <s>Домен является resolve-словарем: {0}</s>
        <t></t>
    </i>
    <i>
        <s>Загружен: {0}</s>
        <t>Uploaded: {0}</t>
    </i>
    <i>
        <s>Загрузка файла</s>
        <t>Download file</t>
    </i>
    <i>
        <s>Загрузка...</s>
        <t>Download...</t>
    </i>
    <i>
        <s>Закрыть</s>
        <t>Close</t>
    </i>
    <i>
        <s>Закрыть все</s>
        <t>Close all</t>
    </i>
    <i>
        <s>Закрыть все, кроме этого</s>
        <t>Close others</t>
    </i>
    <i>
        <s>Запись #{0} не найдена</s>
        <t>Record #{0} not found</t>
    </i>
    <i>
        <s>Изменить</s>
        <t>Change</t>
    </i>
    <i translated="false">
        <s>Имеется файл с данными {0}, но нет домена {1}</s>
        <t></t>
    </i>
    <i>
        <s>Краткое наименование</s>
        <t>Short name</t>
    </i>
    <i>
        <s>Назад</s>
        <t>Back</t>
    </i>
    <i>
        <s>Наименование</s>
        <t>Name</t>
    </i>
    <i translated="false">
        <s>Не известный json-тип [{0}]</s>
        <t></t>
    </i>
    <i translated="false">
        <s>Не найден конвертор в json для класса [{0}]</s>
        <t></t>
    </i>
    <i translated="false">
        <s>Не найден конвертор из json для класса [{0}]</s>
        <t></t>
    </i>
    <i translated="false">
        <s>Не найден конвертор из json-типа [{1}] для класса [{0}]</s>
        <t></t>
    </i>
    <i translated="false">
        <s>Не найдена часть sql: {0}</s>
        <t></t>
    </i>
    <i>
        <s>Нет</s>
        <t>No</t>
    </i>
    <i translated="false">
        <s>Нет заголовка</s>
        <t></t>
    </i>
    <i>
        <s>Новая запись</s>
        <t>New record</t>
    </i>
    <i>
        <s>Ок</s>
        <t>Ok</t>
    </i>
    <i>
        <s>Отмена</s>
        <t>Cancel</t>
    </i>
    <i>
        <s>Ошибка</s>
        <t>Error</t>
    </i>
    <i translated="false">
        <s>Ошибка при создании экземпляра класса: {0}</s>
        <t></t>
    </i>
    <i>
        <s>Панель управления</s>
        <t>Control panel</t>
    </i>
    <i>
        <s>Печать</s>
        <t>Print</t>
    </i>
    <i translated="false">
        <s>По данным datatree нельзя создать store, можно только загрузить в существующий</s>
        <t></t>
    </i>
    <i translated="false">
        <s>Повторное объявление модуля: {0}</s>
        <t></t>
    </i>
    <i>
        <s>Подождите...</s>
        <t>Wait...</t>
    </i>
    <i>
        <s>Подтверждение</s>
        <t>Confirm</t>
    </i>
    <i>
        <s>Просмотр</s>
        <t>View</t>
    </i>
    <i>
        <s>Редактирование записи</s>
        <t>Edit record</t>
    </i>
    <i translated="false">
        <s>Свойство domen должно быть доменом или именем домена</s>
        <t></t>
    </i>
    <i>
        <s>Сообщение</s>
        <t>Message</t>
    </i>
    <i translated="false">
        <s>Тип 1</s>
        <t></t>
    </i>
    <i translated="false">
        <s>Тип mem 1</s>
        <t></t>
    </i>
    <i translated="false">
        <s>Тип фильтра {0} не найден</s>
        <t></t>
    </i>
    <i>
        <s>Удаление записи</s>
        <t>Delete record</t>
    </i>
    <i>
        <s>Удалить</s>
        <t>Delete</t>
    </i>
    <i translated="false">
        <s>Файл1</s>
        <t></t>
    </i>
    <i translated="false">
        <s>Файл2</s>
        <t></t>
    </i>
</root>